No;NIP Lama;NIP;Nama;Role
19;340011615;196709261987031000;Muhamad Zen, S.E.;Operator
34;340058208;199609112018022000;Dewi Kusuma Hartati, SST;Operator
7;340019129;198409182007012000;Erna Nurmawati, SST.,MT;Pegawai
44;340056429;198804192013112000;Rini Rahani, SST, M.Stat;Pegawai
8;340053413;198707112009121000;Yuliagnis Transver Wijaya, S.ST, M.Sc;Pegawai
68;340010733;196102191983122000;Dr. Budiasih, SE.,M.E.;Pegawai
82;340016106;197312272000031000;Dr. Timbang Sirait, M.Si;Pegawai
67;340010894;196008221985011000;Ir. Agus Purwoto, M.Si;Pegawai
69;340010878;196207221985012000;Ir. Ekaria, M.Si.;Pegawai
84;340015306;197502041996122000;Anugerah Karta Monika, S.Si, M.E.;Pegawai
90;340016116;197808022000122000;Atik Mar'atis Suhartini, SST, M.Si.;Pegawai
94;340017030;198006242003121000;Budi Yuniarto, SST.,M.Si;Pegawai
95;340016448;198007242002121000;Budyanra, SST., M.Stat.;Pegawai
92;340054495;198001182011011000;Dr. Bony Parulian Josaphat, S.Si.,M.Si;Pegawai
70;340010901;196302081985011000;Dr. Drs. Waris Marsisno, M. Stat.;Pegawai
81;340015155;197310231995122000;Dr. Ernawati Pasaribu, S.Si, M.E;Pegawai
93;340017016;198004012003122000;Dr. Fitri Kartiasih, SST., SE., M.Si;Pegawai
74;340012664;196706121991011000;Dr. Mohammad Dokhi, S.Si.M.Sc.;Pegawai
83;340015310;197412101996121000;Dr. Nasrudin, S.Si., ME;Pegawai
96;340016997;198011102003122000;Dr. Novi Hidayat Pusponegoro, SST., M.Stat;Pegawai
78;340015694;197007251998032000;Dr. Rita Yuliana, S.Si, MSE;Pegawai
76;340013015;197001121991122000;Dr. Tiodora Hadumaon Siagian, M.Pop.Hum.Res;Pegawai
73;340012012;196703171989012000;Dr. Titik Harsanti, M.Si;Pegawai
101;340016944;198202022003121000;Febri Wicaksono, SST.,M.Si;Pegawai
107;340050101;198703052009021000;Gama Putra Danu Sohibien, SST.,M.Si;Pegawai
71;340011836;196503141988021000;Ir. Jeffry Raja Hamonangan Sitorus, M.Si;Pegawai
85;340016108;197608092000032000;Neli Agustina, S.Si, M.Si;Pegawai
97;340017066;198106042003121000;Robert Kurniawan, SST.,M.Si;Pegawai
108;340054109;198810242010122000;Siti Mariyah, SST, MT.;Pegawai
89;340016126;197807222000121000;Sugiarto, SST., S.Si, MM.;Pegawai
79;340014615;197204241994031000;Sukim, SST.,M.Si;Pegawai
100;340017379;198109262004122000;Winih Budiarti, SST,M.Stat;Pegawai
37;340059922;200009212019122000;Defi Preditama Ardhya Garini, A.P.Kb.N.;"Tim Keuangan; Operator"
29;340054158;198803032010122000;Rini Silvi, SST, M.Stat;"Tim Keuangan; Operator"
24;340016229;197904272000122000;Dyah Budiyanti, SST;PBJ
14;340019192;198308042007012000;Silfi Fitriana, SST;Pegawai
32;340057864;199407282017011000;Cahyo Wibowo, SST;PBJ
13;340058796;199606112019012000;Juniarita Ratnasari, S.Tr.Stat.;Pegawai
109;340059437;199711142019122000;Astriani Nuralfiyyah, S.Tr.Stat.;Pegawai
11;340059457;199704222019122000;Claudya Muna Asmarani, S.Tr.Stat.;Pegawai
15;340054240;198812062010122000;Avi Rudianita Widya, SST, M.Si;Pegawai
26;340019109;198301022007012000;Ary Wahyuni, SST;"Tim Keuangan; Operator"
30;340054227;198809142010122000;Rina Hardiyanti, SST;"Tim Keuangan; Operator"
27;340020188;198405022008012000;Tria Merina, SST;"Tim Keuangan; Operator"
38;340061060;200109182022011000;Alif Firza Rayhan, A.Md.Ak.;"Tim Keuangan; Operator"
75;340012985;196709101991121000;Sri Herwanto Dwi Hatmo, S.Si, M.A.;Pegawai
35;340058749;199612212019011000;Geri Yesa Ermawan, S.Tr.Stat.;Pegawai
33;340058860;199606282019011000;Muhammad Luqman, S.Tr.Stat.;Pegawai
10;340058787;199510142019011000;Isfan Nur Fauzi, S.Tr.Stat;Pegawai
12;340058924;199711232019011000;Rahadi Jalu Yoga Utama, S.Tr.Stat.;Pegawai
31;340056235;199007152013112000;Christiana Anggraeni Putri, SST;Pegawai
23;340017542;197802282005021000;Muhammad Arifin;Pegawai
21;340015073;197102161995011000;Priyono;Pegawai
22;340015628;197407201998031000;Ridwan Firdaus;Pegawai
20;340015210;196911101996031000;Yatno;Pegawai
98;340051136;198108022009022000;Fitri Catur Lestari, S.Si, M.Si;Pegawai
105;340050123;198606022009022000;Ika Yuni Wulansari, SST,M.Stat;Pegawai
99;340017344;198108182004122000;Ita Wulandari, SST.,M.Si;Pegawai
86;340015469;197611021997121000;Novia Budi Parwanto, MSE.,MPP.,Ph.D;Pegawai
106;340020289;198612182008012000;Ray Sastri, SST., M.Si.;Pegawai
103;340019191;198402142007012000;Dr. Ribut Nurul Tri Wahyuni, SST.,M.S.E;Pegawai
102;340017037;198204212003121000;Ricky Yordani, SST., M.Stat.;Pegawai
104;340054971;198507122011012000;Risni Julaeni Yuhan, S.P.M.Stat;Pegawai
88;340016034;197806071999121000;Rofiq Nur Rizal, SST., SE, M.Si.;Pegawai
91;340016049;197810021999121000;Rudi Salam, M.Si;Pegawai
110;340061753;200007232023021000;Eko Putra Wahyuddin, S.Tr.Stat.;Pegawai
39;340018371;198707272006042000;Farashintha Julhija Karim, S.E., M.Si.;Pegawai
40;340018008;198107052006042000;Maya Hayuningtyas, S.E.;Pegawai
111;340062048;200011122023022000;Salwa Rizqina Putri, S.Tr.Stat.;Pegawai
112;340062321;200007212023101000;Alif Wira Bayu, S.Tr.Stat.;Pegawai
36;340061381;199708202022031000;Lambang Sukmo Yuwono, A.Md;Pegawai
47;340016529;198002102002121000;Dr. Rindang Bangun Prasetyo, S.ST, M.Si;Pegawai
66;340016085;197605052000032000;Lia Yuliana, S.Si.,M.T;Pegawai
65;340017380;198110142004122000;Krismanti Tri Wahyuni, SST., SE., M.Si;Pegawai
1;340012446;196710221990032000;Dr. Erni Tri Astuti, M. Math;Pimpinan
16;340013331;197005131992111000;Bambang Nurcahyo, SE.,M.M.;Unit
42;340050033;198512222009021000;Dr. Eng. Arie Wahyu Wijayanto, SST., M.T;Unit
64;340020234;198601202008011000;Ibnu Santoso, SST.,MT;Unit
63;340015148;197305281995121000;Agung Priyo Utomo, S.Si, M.T;Unit
62;340017333;198202072004121000;Dr. Azka Ubaidillah, SST.,M.Si;Unit
61;340016996;198106122003122000;Nucke Widowati Kusumo Projo, S.Si, M.Sc, Ph.D;Unit
9;340054083;198708262010121000;Dwy Bagus Cahyono, SST, M.T;Pegawai
6;340015045;197208221994121000;Sofyan Ayatulloh, SST;Pegawai
28;340051206;198504302009022000;Luci Wulansari, S.Si, M.S.E;"Tim Keuangan;PPK"
25;340017336;198102272004122000;Toza Sathia Utiayarsih, SST., M.Stat.;"Operator;Unit"
18;340011641;196703221987032000;Sri Widaryani, SE.,M.Si;Unit
60;340012685;196805031991011000;Dr I Made Arcana, S.Si.;Pegawai
59;340054095;198902072010122000;Dr. Eng. Lya Hulliyyatus Suadaa, SST., M.T.;Pegawai
58;340015978;197604141999122000;Dr. Sarni Maniar Berliana, SST, M.Si.;Pegawai
57;340055866;199001102012112000;Nori Wilantika, SST, M.T.I;Pegawai
46;340016175;197907312000122000;Dr. Cucu Sumarni, SST, M.Si.;Pegawai
56;340015344;197307141996121000;Wahyudin, S.Si., MAP, MPP;Unit
55;340015194;197211171995121000;Achmad Prasetyo, S.Si, MM;Unit
54;340020266;198512122008011000;Farid Ridho, SST.,MT;Unit
5;340013335;197009261992111000;Nurseto Wisnumurti, S.Si., M.Stat;"Unit; PPK"
43;340017040;198007282003121000;Dr. Achmad Syahrul Choir, SST.,M.Si;Pegawai
80;340012994;197205261991121000;Firdaus, MBA;Pegawai
77;340015693;197001251998032000;Retnaningsih, S.Si.,M.E.;Pegawai
72;340012683;196607191991011000;Yaya Setiadi, M.M, M.Pd;Pegawai
87;340051205;197701042009022000;Liza Kurnia Sari, S.Si., M.Stat.;Pegawai
53;340013367;197002191992112000;Dr. Siti Muchlisoh, M.Si.;Pegawai
52;340019136;198306072007012000;Rani Nooraeni, SST, M.Stat.;Pegawai
51;340055829;199004052012112000;Lutfi Rahmatuti Maghfiroh, SST, M.T;Unit
50;340019179;198506012007012000;Aisyah Fitri Yuniasih, SST., SE., M.Si;Unit
49;340019235;198410152007012000;Siskarossa Ika Oktora, SST., M.Stat.;Unit
41;340054114;198804052010122000;Wahyuni Andriana Sofa, SST, MIDEC;Unit
48;340017376;198302182004122000;Efri Diah Utami, SST., M.Stat;Unit
45;340055865;198811292012112000;Nofita Istiana, SST, M.Si;Unit
2;340016092;197707222000031000;Prof. Setia Pramana, S.Si, M.Sc, Ph.D;Pimpinan
3;340012052;196704251989011000;Prof. Dr. Hardius Usman, S.Si. M.Si;Pimpinan
4;340011997;197006161988121000;Dr. Yunarso Anang Sulistiadi, M.Eng.;Pimpinan
